"totalPositive","timestamp","deaths","saludTimeSignature","testsInProgress","negativeCases","conductedTests","molecularPositive","serologicalPositive","antigenPositive"
"0","3/12/2020, 7:00:00 AM","0","","","","","","",""
"3","3/13/2020, 7:00:00 AM","0","","","","","","",""
"4","3/14/2020, 7:00:00 AM","0","","","","","","",""
"5","3/15/2020, 7:00:00 AM","0","","","","","","",""
"dataNotPublished","3/16/2020, 7:00:00 AM","0","","","","","","",""
"5","3/17/2020, 7:00:00 AM","0","","","","","","",""
"6","3/18/2020, 7:00:00 AM","0","","","","","","",""
"6","3/19/2020, 7:00:00 AM","0","","","","","","",""
"14","3/20/2020, 7:00:00 AM","0","","","","","","",""
"21","3/21/2020, 7:00:00 AM","1","","","","","","",""
"23","3/22/2020, 7:00:00 AM","1","","","","","","",""
"31","3/23/2020, 7:00:00 AM","2","","","","","","",""
"39","3/24/2020, 7:00:00 AM","2","","","","","","",""
"51","3/25/2020, 7:00:00 AM","2","","","","","","",""
"64","3/26/2020, 7:00:00 AM","2","","","","","","",""
"79","3/27/2020, 7:00:00 AM","3","","","","","","",""
"100","3/28/2020, 7:00:00 AM","3","","","","","","",""
"127","3/29/2020, 7:00:00 AM","5","","","","","","",""
"174","3/30/2020, 7:00:00 AM","6","","","","","","",""
"239","3/31/2020, 7:00:00 AM","8","","","","","","",""
"286","4/1/2020, 7:00:00 AM","11","","","","","","",""
"316","4/2/2020, 7:00:00 AM","12","","","","","","",""
"378","4/3/2020, 7:00:00 AM","15","","","","","","",""
"452","4/4/2020, 7:00:00 AM","18","","","","","","",""
"475","4/5/2020, 7:00:00 AM","20","","","","","","",""
"513","4/6/2020, 7:00:00 AM","21","","","","","","",""
"573","4/7/2020, 7:00:00 AM","","","","","","","",""
"620","4/8/2020, 7:00:00 AM","","","","","","","",""
"683","4/9/2020, 7:00:00 AM","","","","","","","",""
"725","4/10/2020, 7:00:00 AM","","","","","","","",""
"788","4/11/2020, 7:00:00 AM","","","","","","","",""
"897","4/12/2020, 7:00:00 AM","44","(Datos al 12 de abril de 2020, 7:00 am)","1251","5819","7973","","",""
"903","4/13/2020, 7:00:00 AM","45","","1288","5960","8157","","",""
"923","4/14/2020, 9:10:05 PM","45","
    (Datos al 14 de abril de 2020, 7:00 am)","1322","6284","8535","","",""
"974","4/15/2020, 8:42:11 PM","51","
    (Datos al 15 de abril de 2020, 7:00 am)","1404","6825","9209","","",""
"1043","4/16/2020, 9:30:10 AM","56","
    (Datos al 16 de abril de 2020, 7:00 am)","1465","7315","9829","","",""
"1068","4/17/2020, 9:30:10 AM","58","
    (Datos al 17 de abril de 2020, 7:00 am)","1472","7864","10410","","",""
"1118","4/18/2020, 9:30:13 AM","60"," 
    (Datos al 18 de abril de 2020, 7:00 am)","1752","8055","10933","","",""
"1213","4/19/2020, 9:30:11 AM","62"," 
    (Datos al 19 de abril de 2020, 7:00 am)","1830","8280","11332","","",""
"1252","4/20/2020, 9:30:11 AM","63"," 
    (Datos al 20 de abril de 2020, 7:00 am)","1886","8486","11633","","",""
"1298","4/21/2020, 9:30:11 AM","dataNotPublished","Manual para 21 de abril de 2020","1751","8789","dataNotPublished","","",""
"1378","4/22/2020, 9:30:11 AM","dataNotPublished","Manual para 22 de abril de 2020","1944","8842","dataNotPublished","","",""
"1416","4/23/2020, 10:42:42 PM","69","Manual para 23 de abril de 2020","1940","9313","12174","","",""
"1276","4/24/2020, 9:09:09 PM","77","(Datos al 24 de abril de 2020, 7:00 am)","","","","","",""
"1307","4/25/2020, 9:09:09 PM","83","(Datos al 25 de abril de 2020, 7:00 am)","","","","","",""
"1371","4/26/2020, 9:09:09 PM","84","(Datos al 26 de abril de 2020, 7:00 am)","","","","","",""
"1389","4/27/2020, 9:09:09 PM","84","(Datos al 27 de abril de 2020, 7:00 am)","","","","","",""
"1400","4/28/2020, 9:09:09 PM","86","(Datos al 28 de abril de 2020, 7:00 am)","","","","","",""
"1433","4/29/2020, 9:09:09 PM","86","(Datos al 29 de abril de 2020, 7:00 am)","","","","","",""
"1539","4/30/2020, 9:09:09 PM","92","(Datos al 30 de abril de 2020, 7:00 am)","","","","","",""
"1575","5/1/2020, 9:09:09 PM","94","(Datos al 1 de mayo 2020, 7:00 am)","","","","","",""
"1757","5/2/2020, 9:09:09 PM","95","(Datos al 2 de mayo 2020, 7:00 am)","","","","","",""
"1808","5/3/2020, 9:09:09 PM","97","(Datos al 3 de mayo 2020, 7:00 am)","","","","","",""
"1843","5/4/2020, 9:09:09 PM","97","(Datos al 4 de mayo 2020, 7:00 am)","","","","","",""
"1924","5/5/2020, 3:25:37 PM","99"," 
    (Datos al 5 de mayo de 2020, 6:30 am)","","","","1005","919",""
"1968","5/6/2020, 9:30:14 AM","99"," 
    (Datos al 6 de mayo de 2020, 6:30 am)","","","","1006","962",""
"2031","5/7/2020, 9:30:10 AM","102"," 
    (Datos al 7 de mayo de 2020, 6:30 am)","","","","1013","1018",""
"2156","5/8/2020, 9:30:11 AM","107","
    (Datos al 8 de mayo de 2020, 6:30 am)","","","","1029","1127",""
"2173","5/9/2020, 10:44:11 AM","108","    (Datos al 9 de mayo de 2020, 6:30 am)","","","","1034","1139",""
"2198","5/10/2020, 9:30:09 AM","111","
    (Datos al 10 de mayo de 2020, 6:30 am)","","","","1040","1158",""
"2256","5/11/2020, 9:30:11 AM","113","
    (Datos al 11 de mayo de 2020, 6:30 am)","","","","1054","1202",""
"2299","5/12/2020, 9:30:16 AM","114","
    (Datos al 12 de mayo de 2020, 6:30 am)","","","","1062","1237",""
"2329","5/13/2020, 9:30:15 AM","115","
    (Datos al 13 de mayo de 2020, 6:30 am)","","","","1064","1265",""
"2427","5/14/2020, 9:30:15 AM","117","
    (Datos al 14 de mayo de 2020, 6:30 am)","","","","1073","1354",""
"2542","5/15/2020, 9:30:17 AM","122","
    (Datos al 15 de mayo de 2020, 6:30 am)","","","","1088","1454",""
"2589","5/16/2020, 9:30:15 AM","122","
    (Datos al 16 de mayo de 2020, 6:30 am)","","","","1114","1475",""
"2710","5/18/2020, 9:30:15 AM","124","
    (Datos al 18 de mayo de 2020, 6:30 am)","","","","1195","1515",""
"2805","5/19/2020, 2:18:58 PM","124","
    (Datos al 19 de mayo de 2020, 6:30 am)","","","","1207","1598",""
"2866","5/20/2020, 9:30:16 AM","125","
    (Datos al 20 de mayo de 2020, 6:30 am)","","","","1206","1660",""
"2913","5/21/2020, 9:30:13 AM","126","
    (Datos al 21 de mayo de 2020, 6:30 am)","","","","1213","1700",""
"3030","5/22/2020, 9:30:21 AM","126","
    (Datos al 21 de mayo de 2020, 6:30 am)","","","","1221","1809",""
"3030","5/22/2020, 12:30:21 PM","126","
    (Datos al 21 de mayo de 2020, 6:30 am)","","","","1221","1809",""
"3100","5/23/2020, 9:30:16 AM","127","
    (Datos al 23 de mayo de 2020, 6:30 am)","","","","1230","1870",""
"3189","5/24/2020, 9:30:18 AM","127","
    (Datos al 24 de mayo de 2020, 6:30 am)","","","","1230","1959",""
"3260","5/25/2020, 9:30:17 AM","129","
    (Datos al 25 de mayo de 2020, 6:30 am)","","","","1240","2020",""
"3324","5/26/2020, 9:30:17 AM","129","
    (Datos al 26 de mayo de 2020, 6:30 am)","","","","1241","2083",""
"3397","5/27/2020, 9:30:21 AM","129","
    (Datos al 27 de mayo de 2020, 6:30 am)","","","","1260","2137",""
"3486","5/28/2020, 9:30:20 AM","131","
    (Datos al 28 de mayo de 2020, 6:30 am)","","","","1280","2206",""
"3647","5/29/2020, 9:30:21 AM","132","
    (Datos al 29 de mayo de 2020, 6:30 am)","","","","1293","2354",""
"3718","5/30/2020, 9:30:20 AM","133","
    (Datos al 30 de mayo de 2020, 6:30 am)","","","","1300","2418",""
"3776","5/31/2020, 9:30:21 AM","136","
    (Datos al 31 de mayo de 2020, 6:30 am)","","","","1304","2472",""
"3873","6/1/2020, 9:30:21 AM","136","
    (Datos al 1 de junio de 2020, 6:30 am)","","","","1304","2569",""
"3935","6/2/2020, 9:30:19 AM","138"," 
    (Datos al 2 de junio de 2020, 6:30 am)","","","","1305","2630",""
"4023","6/3/2020, 9:30:18 AM","140"," 
    (Datos al 3 de junio de 2020, 6:30 am)","","","","1313","2710",""
"4508","6/4/2020, 9:30:21 AM","140"," 
    (Datos al 4 de junio de 2020, 6:30 am)","","","","1322","3186",""
"4620","6/5/2020, 9:30:21 AM","141"," 
    (Datos al 5 de junio de 2020, 6:30 am)","","","","1330","3290",""
"4915","6/6/2020, 9:30:16 AM","142"," 
    (Datos al 6 de junio de 2020, 6:30 am)","","","","1360","3555",""
"4985","6/7/2020, 9:30:18 AM","142"," 
    (Datos al 7 de junio de 2020, 6:30 am)","","","","1364","3621",""
"5046","6/8/2020, 9:30:21 AM","142"," 
    (Datos al 8 de junio de 2020, 6:30 am)","","","","1373","3673",""
"5185","6/9/2020, 9:30:21 AM","142"," 
    (Datos al 9 de junio de 2020, 6:30 am)","","","","1386","3799",""
"5329","6/10/2020, 9:30:20 AM","143"," 
    (Datos al 10 de junio de 2020, 6:30 am)","","","","1402","3927",""
"5352","6/11/2020, 11:45:19 AM","144"," 
    (Datos al 11 de junio de 2020, 6:30 am)","","","","1403","3949",""
"5536","6/12/2020, 7:00:00 PM","146"," (Datos al 12 de junio de 2020, 6:30 am)","","","","1443","4093",""
"5690","6/13/2020, 7:00:00 PM","146","(Datos al 13 de junio de 2020, 6:30 am)","","","","1460","4230",""
"5811","6/14/2020, 7:01:21 PM","147"," 
    (Datos al 14 de junio de 2020, 6:30 am)","","","","1471","4340",""
"5890","6/15/2020, 9:30:15 AM","147"," 
    (Datos al 15 de junio de 2020, 6:30 am)","","","","1477","4413",""
"5951","6/16/2020, 9:30:15 AM","147"," 
    (Datos al 16 de junio de 2020, 6:30 am)","","","","1479","4472",""
"6003","6/17/2020, 9:30:18 AM","147"," 
    (Datos al 17 de junio de 2020, 6:30 am)","","","","1486","4517",""
"6111","6/18/2020, 9:30:18 AM","147"," 
    (Datos al 18 de junio de 2020, 6:30 am)","","","","1496","4615",""
"6195","6/19/2020, 9:30:24 AM","147"," 
    (Datos al 19 de junio de 2020, 6:30 am)","","","","1499","4696",""
"6463","6/20/2020, 9:30:15 AM","147"," 
    (Datos al 20 de junio de 2020, 6:30 am)","","","","1531","4932",""
"6525","6/21/2020, 9:30:19 AM","149"," 
    (Datos al 21 de junio de 2020, 6:30 am)","","","","1533","4992",""
"6564","6/22/2020, 9:30:17 AM","149"," 
    (Datos al 22 de junio de 2020, 6:30 am)","","","","1540","5024",""
"6685","6/23/2020, 9:30:17 AM","149"," 
    (Datos al 23 de junio de 2020, 6:30 am)","","","","1550","5135",""
"6820","6/24/2020, 9:30:15 AM","149"," 
    (Datos al 24 de junio de 2020, 6:30 am)","","","","1577","5243",""
"6877","6/25/2020, 9:30:19 AM","151"," 
    (Datos al 25 de junio de 2020, 6:30 am)","","","","1579","5298",""
"6922","6/26/2020, 9:30:17 AM","151"," 
    (Datos al 26 de junio de 2020, 6:30 am)","","","","1583","5339",""
"7066","6/27/2020, 9:30:18 AM","152"," 
    (Datos al 27 de junio de 2020, 6:30 am)","","","","1602","5464",""
"7189","6/28/2020, 9:30:16 AM","153"," 
    (Datos al 28 de junio de 2020, 6:30 am)","","","","1624","5565",""
"7250","6/29/2020, 9:30:17 AM","153"," 
    (Datos al 29 de junio de 2020, 6:30 am)","","","","1638","5612",""
"7465","6/30/2020, 9:30:29 AM","153"," 
    (Datos al 30 de junio de 2020, 6:30 am)","","","","1693","5772",""
"7537","7/1/2020, 9:30:21 AM","153"," 
    (Datos al 1 de julio de 2020, 6:30 am)","","","","1729","5808",""
"7608","7/2/2020, 9:30:21 AM","153"," 
    (Datos al 2 de julio de 2020, 6:30 am)","","","","1767","5841",""
"7683","7/3/2020, 9:30:18 AM","154"," 
    (Datos al 3 de julio de 2020, 6:30 am)","","","","1791","5892",""
"7687","7/4/2020, 9:30:19 AM","155"," 
    (Datos al 4 de julio de 2020, 6:30 am)","","","","1817","5870",""
"7916","7/5/2020, 9:30:16 AM","155"," 
    (Datos al 5 de julio de 2020, 6:30 am)","","","","1846","6070",""
"8585","7/6/2020, 9:30:19 AM","155"," 
    (Datos al 6 de julio de 2020, 6:30 am)","","","","2071","6514",""
"8714","7/7/2020, 9:30:16 AM","157"," 
    (Datos al 7 de julio de 2020, 6:30 am)","","","","2147","6567",""
"8745","7/8/2020, 9:30:20 AM","159"," 
    (Datos al 8 de julio de 2020, 6:30 am)","","","","2171","6574",""
"8862","7/9/2020, 9:30:22 AM","159","    * (Datos al 9 de julio de 2020, 6:30 am)","","","","2235","6627",""
"9137","7/10/2020, 12:30:18 PM","159","     *(Datos al 10 de julio de 2020, 6:30 am)","","","","2351","6786",""
"9366","7/11/2020, 12:30:17 PM","167","     *(Datos al 10 de julio de 2020, 6:30 am)","","","","2435","6931",""
"9654","7/12/2020, 12:30:11 PM","167"," 
    (Datos al 12 de julio de 2020, 6:30 am)","","","","2583","7071",""
"10010","7/13/2020, 9:30:15 AM","167","
    (Datos al 13 de julio de 2020, 6:30 am)","","","","2811","7199",""
"10123","7/14/2020, 9:30:18 AM","169","
    (Datos al 14 de julio de 2020, 6:30 am)","","","","2904","7219",""
"10379","7/15/2020, 9:30:16 AM","171","
    (Datos al 15 de julio de 2020, 6:30 am)","","","","3043","7336",""
"10574","7/16/2020, 9:30:18 AM","172","
    (Datos al 16 de julio de 2020, 6:30 am)","","","","3119","7455",""
"11120","7/17/2020, 9:30:18 AM","177","
    (Datos al 17 de julio de 2020, 6:30 am)","","","","3272","7848",""
"11453","7/18/2020, 9:30:17 AM","178","
    (Datos al 18 de julio de 2020, 6:30 am)","","","","3461","7992",""
"12063","7/19/2020, 8:00:21 AM","178","
    (Datos al 19 de julio de 2020, 6:30 am)","","","","3791","8272",""
"12461","7/20/2020, 8:00:16 AM","180","
    (Datos al 20 de julio de 2020, 6:30 am)","","","","4011","8450",""
"12940","7/21/2020, 8:00:19 AM","180","
    (Datos al 21 de julio de 2020, 6:30 am)","","","","4255","8685",""
"13038","7/22/2020, 8:00:17 AM","185","
    (Datos al 22 de julio de 2020, 6:30 am)","","","","4330","8708",""
"13473","7/23/2020, 8:00:17 AM","188","
    (Datos al 23 de julio de 2020, 6:30 am)","","","","4574","8899",""
"13967","7/24/2020, 8:00:22 AM","191","
    (Datos al 24 de julio de 2020, 6:30 am)","","","","4794","9173",""
"14540","7/25/2020, 8:00:17 AM","201","
    (Datos al 25 de julio de 2020, 6:30 am)","","","","5042","9498",""
"15143","7/26/2020, 8:00:15 AM","201","
    (Datos al 26 de julio de 2020, 6:30 am)","","","","5236","9907",""
"15431","7/27/2020, 8:00:14 AM","201","
    (Datos al 27 de julio de 2020, 6:30 am)","","","","5416","10015",""
"15840","7/28/2020, 8:00:22 AM","209","
    (Datos al 28 de julio de 2020, 6:30 am)","","","","5585","10255",""
"16061","7/29/2020, 8:00:19 AM","211","
    (Datos al 29 de julio de 2020, 6:30 am)","","","","5700","10361",""
"16572","7/30/2020, 9:00:13 AM","214","
    (Datos al 30 de julio de 2020, 6:30 am)","","","","5920","10652",""
"16781","7/31/2020, 8:00:21 AM","219","
    (Datos al 31 de julio de 2020, 6:30 am)","","","","5997","10784",""
"17872","8/1/2020, 8:00:23 AM","225","
    (Datos al 1 de agosto de 2020, 6:30 am)","","","","6543","11329",""
"18411","8/2/2020, 8:00:16 AM","230","
    (Datos al 2 de agosto de 2020, 6:30 am)","","","","6835","11576",""
"18791","8/3/2020, 8:00:16 AM","230","
    (Datos al 3 de agosto de 2020, 6:30 am)","","","","7113","11678",""
"19324","8/4/2020, 8:00:16 AM","237","
    (Datos al 4 de agosto de 2020, 6:30 am)","","","","7413","11911",""
"19651","8/5/2020, 4:44:44 AM","246","(Datos al 5 de agosto de 2020, 4:44 am)","","","","7684","11967",""
"19934","8/6/2020, 11:05:20 PM","258","Datos al 6 de agosto de 2020","","","","7824","12110",""
"20686","8/7/2020, 8:00:16 AM","265","Datos al 7 de agosto de 2020","","","","8230","12456",""
"21424","8/8/2020, 8:00:12 AM","274","Datos al 8 de agosto de 2020","","","","8573","12851",""
"22121","8/9/2020, 9:00:22 AM","279","Datos al 9 de agosto de 2020","","","","8934","13187",""
"22821","8/10/2020, 8:00:16 AM","279","Datos al 10 de agosto de 2020","","","","9319","13502",""
"23403","8/11/2020, 8:00:21 AM","287","Datos al 11 de agosto de 2020","","","","9605","13798",""
"24074","8/12/2020, 8:00:21 AM","295","Datos al 12 de agosto de 2020","","","","10169","13905",""
"24446","8/13/2020, 8:00:16 AM","306","Datos al 13 de agosto de 2020","","","","10279","14167",""
"25128","8/14/2020, 8:00:12 AM","311","Datos al 14 de agosto de 2020","","","","10730","14398",""
"25695","8/15/2020, 8:00:11 AM","329","Datos al 15 de agosto de 2020","","","","11069","14626",""
"26760","8/17/2020, 8:00:14 AM","335","Datos al 17 de agosto de 2020","","","","11723","15037",""
"27713","8/18/2020, 8:00:16 AM","346","Datos al 18 de agosto de 2020","","","","12371","15342",""
"27934","8/19/2020, 8:00:16 AM","356","Datos al 19 de agosto de 2020","","","","12452","15482",""
"28143","8/20/2020, 8:00:14 AM","367","Datos al 20 de agosto de 2020","","","","12576","15567",""
"28849","8/21/2020, 8:00:16 AM","374","Datos al 21 de agosto de 2020","","","","13014","15835",""
"29577","8/22/2020, 8:00:12 AM","381","Datos al 22 de agosto de 2020","","","","13282","16295",""
"29896","8/23/2020, 8:00:16 AM","390","Datos al 23 de agosto de 2020","","","","13477","16419",""
"30618","8/24/2020, 8:00:20 AM","390","Datos al 24 de agosto de 2020","","","","13922","16696",""
"30720","8/25/2020, 8:00:24 AM","395","Datos al 25 de agosto de 2020","","","","13992","16728",""
"30744","8/26/2020, 8:00:12 AM","404","Datos al 26 de agosto de 2020","","","","14010","16734",""
"31383","8/27/2020, 8:00:17 AM","412","Datos al 27 de agosto de 2020","","","","14469","16914",""
"31988","8/28/2020, 8:00:17 AM","424","Datos al 28 de agosto de 2020","","","","14726","17262",""
"32550","8/29/2020, 8:00:28 AM","428","Datos al 29 de agosto de 2020","","","","14986","17564",""
"33199","8/31/2020, 8:00:19 AM","434","Datos al 31 de agosto de 2020","","","","15476","17723",""
"33421","9/1/2020, 9:00:16 AM","435","Datos al 1 de septiembre de 2020","","","","15584","17837",""
"34003","9/2/2020, 8:00:19 AM","443","Datos al 2 de septiembre de 2020","","","","15942","18061",""
"34198","9/3/2020, 8:00:32 AM","448","Datos al 3 de septiembre de 2020","","","","16069","18129",""
"34241","9/4/2020, 8:00:11 AM","455","Datos al 4 de septiembre de 2020","","","","16101","18140",""
"34492","9/5/2020, 8:00:15 AM","464","Datos al 5 de septiembre de 2020","","","","16243","18249",""
"34533","9/6/2020, 8:00:17 AM","477","Datos al 6 de septiembre de 2020","","","","16269","18264",""
"35375","9/7/2020, 8:00:12 AM","477","Datos al 7 de septiembre de 2020","","","","16692","18683",""
"35504","9/8/2020, 8:00:11 AM","482","Datos al 8 de septiembre de 2020","","","","16788","18716",""
"35507","9/9/2020, 8:00:11 AM","500","Datos al 9 de septiembre de 2020","","","","16789","18718",""
"36279","9/10/2020, 8:00:12 AM","512","Datos al 10 de septiembre de 2020","","","","17248","19031",""
"36581","9/11/2020, 8:00:09 AM","523","Datos al 11 de septiembre de 2020","","","","17357","19224",""
"37092","9/12/2020, 8:00:09 AM","535","Datos al 12 de septiembre de 2020","","","","17598","19494",""
"37380","9/13/2020, 8:00:10 AM","539","Datos al 13 de septiembre de 2020","","","","17769","19611",""
"37750","9/14/2020, 8:00:10 AM","542","Datos al 14 de septiembre de 2020","","","","17977","19773",""
"38202","9/15/2020, 8:00:15 AM","551","Datos al 15 de septiembre de 2020","","","","18206","19996",""
"38284","9/16/2020, 8:00:15 AM","570","Datos al 16 de septiembre de 2020","","","","18252","20032",""
"38867","9/17/2020, 8:00:13 AM","588","Datos al 17 de septiembre de 2020","","","","18634","20233",""
"39684","9/18/2020, 8:00:11 AM","599","Datos al 18 de septiembre de 2020","","","","19113","20571",""
"40993","9/19/2020, 8:00:13 AM","605","Datos al 19 de septiembre de 2020","","","","19807","21186",""
"41838","9/20/2020, 8:00:17 AM","608","Datos al 20 de septiembre de 2020","","","","20069","21769",""
"42476","9/21/2020, 8:00:12 AM","609","Datos al 21 de septiembre de 2020","","","","20311","22165",""
"42596","9/22/2020, 8:00:09 AM","613","Datos al 22 de septiembre de 2020","","","","20399","22197",""
"42660","9/23/2020, 8:00:15 AM","617","Datos al 23 de septiembre de 2020","","","","20439","22221",""
"43842","9/24/2020, 8:00:15 AM","627","Datos al 24 de septiembre de 2020","","","","21156","22686",""
"44905","9/25/2020, 8:00:14 AM","635","Datos al 25 de septiembre de 2020","","","","21868","23037",""
"45413","9/26/2020, 9:00:11 AM","642","Datos al 26 de septiembre de 2020","","","","22164","23249",""
"46304","9/27/2020, 8:00:13 AM","644","Datos al 27 de septiembre de 2020","","","","22697","23607",""
"47422","9/28/2020, 8:00:14 AM","648","Datos al 28 de septiembre de 2020","","","","23357","24065",""
"48467","9/29/2020, 11:08:30 AM","654","Datos al 29 de septiembre de 2020","","","","23801","24666",""
"48755","9/30/2020, 8:00:13 AM","661","Datos al 30 de septiembre de 2020","","","","24000","24755",""
"49067","10/1/2020, 8:00:09 AM","665","Datos al 1 de octubre de 2020","","","","24176","24891",""
"49747","10/2/2020, 8:00:14 AM","673","Datos al 2 de octubre de 2020","","","","24505","25242",""
"50375","10/3/2020, 8:00:11 AM","681","Datos al 3 de octubre de 2020","","","","24804","25571",""
"50675","10/4/2020, 9:00:12 AM","686","Datos al 4 de octubre de 2020","","","","25034","25641",""
"51305","10/5/2020, 9:00:22 AM","695","Datos al 5 de octubre de 2020","","","","25397","25908",""
"51737","10/6/2020, 8:00:21 AM","696","Datos al 6 de octubre de 2020","","","","25635","26102",""
"51768","10/7/2020, 8:00:25 AM","705","Datos al 7 de octubre de 2020","","","","25658","26110",""
"52294","10/8/2020, 8:00:28 AM","715","Datos al 8 de octubre de 2020","","","","26010","26284",""
"52892","10/9/2020, 8:00:29 AM","720","Datos al 9 de octubre de 2020","","","","26326","26566",""
"53364","10/10/2020, 8:00:32 AM","728","Datos al 10 de octubre de 2020","","","","26558","26806",""
"53671","10/11/2020, 8:00:20 AM","730","Datos al 11 de octubre de 2020","","","","26776","26895",""
"54234","10/12/2020, 8:00:12 AM","735","Datos al 12 de octubre de 2020","","","","27004","27230",""
"54540","10/13/2020, 3:33:33 AM","738","Datos al 13 de octubre de 2020","","","","27139","27401",""
"55516","10/14/2020, 11:33:33 PM","742","Datos al 14 de octubre de 2020","","","","27629","27887",""
"56085","10/15/2020, 3:34:58 PM","743","Datos al 15 de octubre de 2020","","","","27947","28138",""
"56412","10/16/2020, 8:00:11 AM","758","Datos al 16 de octubre de 2020","","","","28174","28238",""
"56650","10/17/2020, 8:00:13 AM","761","Datos al 17 de octubre de 2020","","","","28293","28357",""
"57293","10/18/2020, 9:00:13 AM","766","Datos al 18 de octubre de 2020","","","","28711","28582",""
"57950","10/19/2020, 9:00:20 AM","768","Datos al 19 de octubre de 2020","","","","29138","28812",""
"58643","10/20/2020, 8:00:13 AM","769","Datos al 20 de octubre de 2020","","","","29585","29058",""
"58830","10/21/2020, 8:00:16 AM","774","Datos al 21 de octubre de 2020","","","","29717","29113",""
"59037","10/22/2020, 8:00:13 AM","783","Datos al 22 de octubre de 2020","","","","29804","29233",""
"60984","10/23/2020, 8:00:13 AM","791","Datos al 23 de octubre de 2020","","","","30956","30028",""
"61280","10/24/2020, 8:00:11 AM","794","Datos al 24 de octubre de 2020","","","","31072","30208",""
"62503","10/25/2020, 8:00:10 AM","801","Datos al 25 de octubre de 2020","","","","31737","30766",""
"63135","10/26/2020, 8:00:10 AM","804","Datos al 26 de octubre de 2020","","","","32198","30937",""
"63497","10/27/2020, 8:00:10 AM","808","Datos al 27 de octubre de 2020","","","","32461","31036",""
"63587","10/28/2020, 9:00:11 AM","813","Datos al 28 de octubre de 2020","","","","32527","31060",""
"64798","10/29/2020, 8:00:12 AM","814","Datos al 29 de octubre de 2020","","","","33279","31519",""
"65743","10/30/2020, 8:00:13 AM","820","Datos al 30 de octubre de 2020","","","","33853","31890",""
"66128","10/31/2020, 8:00:11 AM","822","Datos al 31 de octubre de 2020","","","","34138","31990",""
"66661","11/1/2020, 8:00:16 AM","832","Datos al 1 de noviembre de 2020","","","","34541","32120",""
"68172","11/2/2020, 8:00:12 AM","839","Datos al 2 de noviembre de 2020","","","","35405","32767",""
"68943","11/3/2020, 8:00:13 AM","842","Datos al 3 de noviembre de 2020","","","","35750","33193",""
"69020","11/4/2020, 8:00:11 AM","850","Datos al 4 de noviembre de 2020","","","","35807","33213",""
"69416","11/5/2020, 9:00:21 AM","855","Datos al 5 de noviembre de 2020","","","","36101","33315",""
"70519","11/6/2020, 8:00:13 AM","862","Datos al 6 de noviembre de 2020","","","","36904","33615",""
"71532","11/7/2020, 8:00:11 AM","862","Datos al 7 de noviembre de 2020","","","","37490","33965","77"
"72166","11/8/2020, 8:00:13 AM","872","Datos al 8 de noviembre de 2020","","","","37999","34066","101"
"72860","11/9/2020, 11:03:19 PM","882","Datos al 9 de noviembre de 2020","","","","38474","34279","107"
"73244","11/10/2020, 8:00:11 AM","889","Datos al 10 de noviembre de 2020","","","","38681","34388","175"
"73544","11/11/2020, 8:00:21 AM","901","Datos al 11 de noviembre de 2020","","","","38799","34424","321"
"75662","11/12/2020, 8:00:15 AM","909","Datos al 12 de noviembre de 2020","","","","39968","35210","484"
"76535","11/13/2020, 8:00:14 AM","914","Datos al 13 de noviembre de 2020","","","","40574","35416","545"
"77505","11/14/2020, 8:00:12 AM","921","Datos al 14 de noviembre de 2020","","","","41174","35733","598"
"78705","11/15/2020, 8:00:14 AM","935","Datos al 15 de noviembre de 2020","","","","41798","36226","681"
"79634","11/16/2020, 8:00:14 AM","942","Datos al 16 de noviembre de 2020","","","","42279","36618","737"
"80395","11/17/2020, 11:07:39 PM","951","Datos al 17 de noviembre de 2020","","","","42790","36810","795"
"81050","11/18/2020, 8:00:17 AM","971","Datos al 18 de noviembre de 2020","","","","43031","37140","879"
"81671","11/19/2020, 8:00:12 AM","982","Datos al 19 de noviembre de 2020","","","","43403","37240","1028"
"82904","11/20/2020, 8:00:11 AM","991","Datos al 20 de noviembre de 2020","","","","44277","37569","1058"
"84307","11/21/2020, 8:00:12 AM","1012","Datos al 21 de noviembre de 2020","","","","45268","37873","1166"
"86148","11/22/2020, 8:00:10 AM","1017","Datos al 22 de noviembre de 2020","","","","46235","38689","1224"
"87330","11/23/2020, 8:00:13 AM","1032","Datos al 23 de noviembre de 2020","","","","46923","39130","1277"
"87782","11/24/2020, 8:00:10 AM","1038","Datos al 24 de noviembre de 2020","","","","47216","39234","1332"
"87991","11/25/2020, 8:00:14 AM","1052","Datos al 25 de noviembre de 2020","","","","47345","39266","1380"
"88635","11/26/2020, 8:00:10 AM","1069","Datos al 26 de noviembre de 2020","","","","47854","39409","1372"
"90705","11/27/2020, 8:00:11 AM","1076","Datos al 27 de noviembre de 2020","","","","49226","40027","1452"
"91948","11/28/2020, 8:00:11 AM","1083","Datos al 28 de noviembre de 2020","","","","50081","40367","1500"
"92100","11/29/2020, 8:00:10 AM","1094","Datos al 29 de noviembre de 2020","","","","50197","40398","1505"
"93442","11/30/2020, 8:00:09 AM","1106","Datos al 30 de noviembre de 2020","","","","50988","40897","1557"
"94599","12/1/2020, 8:00:12 AM","1122","Datos al 1 de diciembre de 2020","","","","51647","41279","1673"
"95213","12/2/2020, 8:00:11 AM","1144","Datos al 2 de diciembre de 2020","","","","52009","41505","1699"
"95707","12/3/2020, 8:00:11 AM","1155","Datos al 3 de diciembre de 2020","","","","52349","41602","1756"
"96382","12/4/2020, 8:00:13 AM","1173","Datos al 4 de diciembre de 2020","","","","52784","41785","1813"
"97523","12/5/2020, 8:00:12 AM","1185","Datos al 5 de diciembre de 2020","","","","53633","41991","1899"
"100029","12/6/2020, 8:00:12 AM","1192","Datos al 6 de diciembre de 2020","","","","54746","43358","1925"
"101428","12/7/2020, 8:00:10 AM","1203","Datos al 7 de diciembre de 2020","","","","55680","43806","1942"
"102622","12/8/2020, 8:00:11 AM","1206","Datos al 8 de diciembre de 2020","","","","56242","44306","2074"
"103557","12/9/2020, 9:00:12 AM","1219","Datos al 9 de diciembre de 2020","","","","56674","44595","2288"
"104125","12/10/2020, 8:00:17 AM","1238","Datos al 10 de diciembre de 2020","","","","57096","44667","2362"
"106866","12/11/2020, 8:00:08 AM","1249","Datos al 11 de diciembre de 2020","","","","58629","45864","2373"
"108485","12/12/2020, 8:00:09 AM","1266","Datos al 12 de diciembre de 2020","","","","59292","46762","2431"
"109747","12/13/2020, 8:00:08 AM","1272","Datos al 13 de diciembre de 2020","","","","59842","47316","2589"
"110429","12/14/2020, 9:00:09 AM","1282","Datos al 14 de diciembre de 2020","","","","60348","47444","2637"
"110949","12/15/2020, 8:00:15 AM","1294","Datos al 15 de diciembre de 2020","","","","60668","47530","2751"
"111232","12/16/2020, 8:00:11 AM","1312","Datos al 16 de diciembre de 2020","","","","60792","47546","2894"
"112834","12/17/2020, 8:00:11 AM","1323"," 
      Datos al 17 de diciembre de 2020","","","","61783","48083","2968"
"115192","12/18/2020, 8:00:10 AM","1333"," 
      Datos al 18 de diciembre de 2020","","","","63075","49060","3057"
"117070","12/19/2020, 8:00:14 AM","1342"," 
      Datos al 19 de diciembre de 2020","","","","64182","49859","3029"
"118610","12/20/2020, 8:00:12 AM","1368"," 
      Datos al 20 de diciembre de 2020","","","","64697","50177","3736"
"119172","12/21/2020, 8:00:11 AM","1382","Datos al 21 de diciembre de 2020","","","","65064","50323","3785"
"120703","12/22/2020, 8:00:11 AM","1391","Datos al 22 de diciembre de 2020","","","","66067","50791","3845"
"121585","12/23/2020, 8:00:11 AM","1408","Datos al 23 de diciembre de 2020","","","","66583","51097","3905"
"122017","12/24/2020, 8:00:12 AM","1423","Datos al 24 de diciembre de 2020","","","","66871","51209","3937"
"122881","12/25/2020, 8:00:09 AM","1432","Datos al 25 de diciembre de 2020","","","","67426","51457","3998"
"127798","12/27/2020, 8:00:08 AM","1445","Datos al 27 de diciembre de 2020","","","","69265","54571","3962"
"128704","12/28/2020, 8:00:09 AM","1456","Datos al 28 de diciembre de 2020","","","","69661","55046","3997"
"131247","12/29/2020, 8:00:10 AM","1460","Datos al 29 de diciembre de 2020","","","","71262","55457","4528"
"131361","12/30/2020, 8:00:11 AM","1484","Datos al 30 de diciembre de 2020","","","","71342","55473","4546"
"131995","12/31/2020, 8:00:11 AM","1503","Datos al 31 de diciembre de 2020","","","","71650","55704","4641"
"133270","1/1/2021, 9:00:09 AM","1521","Datos al 1 de enero de 2021","","","","72327","56216","4727"
"134478","1/2/2021, 8:00:10 AM","1526","Datos al 2 de enero de 2021","","","","73162","56546","4770"
"134782","1/3/2021, 8:00:11 AM","1545","Datos al 3 de enero de 2021","","","","73399","56613","4770"
"135793","1/4/2021, 8:00:09 AM","1555","Datos al 4 de enero de 2021","","","","73957","56988","4848"
"136540","1/5/2021, 8:00:10 AM","1562","Datos al 5 de enero de 2021","","","","74458","57221","4861"
"137014","1/6/2021, 8:00:10 AM","1570","Datos al 6 de enero de 2021","","","","74756","57402","4856"
"137379","1/7/2021, 8:00:12 AM","1588","Datos al 7 de enero de 2021","","","","74967","57481","4931"
"139835","1/8/2021, 8:00:11 AM","1592","Datos al 8 de enero de 2021","","","","76726","57768","5341"
"140774","1/9/2021, 8:00:11 AM","1616","Datos al 9 de enero de 2021","","","","77280","58144","5350"
"141896","1/10/2021, 8:00:17 AM","1630","Datos al 10 de enero de 2021","","","","77630","58777","5489"
"142340","1/11/2021, 8:00:09 AM","1642","Datos al 11 de enero de 2021","","","","77927","58872","5541"
"144433","1/12/2021, 8:00:11 AM","1645","Datos al 12 de enero de 2021","","","","78815","60006","5612"
"144781","1/13/2021, 9:00:09 AM","1659","Datos al 13 de enero de 2021","","","","79006","60142","5633"
"145119","1/14/2021, 8:00:10 AM","1679","Datos al 14 de enero de 2021","","","","79114","60303","5702"
"146970","1/15/2021, 8:00:11 AM","1692","Datos al 15 de enero de 2021","","","","80111","61016","5843"
"147955","1/16/2021, 8:00:10 AM","1703","Datos al 16 de enero de 2021","","","","80590","61432","5933"
"149344","1/17/2021, 8:00:08 AM","1703","Datos al 17 de enero de 2021","","","","81394","61972","5978"
"150318","1/18/2021, 8:00:09 AM","1703","Datos al 18 de enero de 2021","","","","81855","62379","6084"
"151436","1/19/2021, 8:00:10 AM","1703","Datos al 19 de enero de 2021","","","","82259","63063","6114"
"151701","1/20/2021, 9:00:08 AM","1717","Datos al 20 de enero de 2021","","","","82378","63188","6135"
"152061","1/21/2021, 9:00:10 AM","1732","Datos al 21 de enero de 2021","","","","82540","63333","6188"
"152876","1/22/2021, 8:00:10 AM","1761","Datos al 22 de enero de 2021","","","","82990","63594","6292"
"154463","1/23/2021, 8:00:09 AM","1771","Datos al 23 de enero de 2021","","","","83670","64390","6403"
"156835","1/24/2021, 8:00:10 AM","1773","Datos al 24 de enero de 2021","","","","84578","65807","6450"
"157948","1/25/2021, 8:00:10 AM","1778","Datos al 25 de enero de 2021","","","","85114","66352","6482"
"159115","1/27/2021, 9:00:09 AM","1794","Datos al 27 de enero de 2021","","","","85694","66871","6550"
"159667","1/28/2021, 8:00:11 AM","1801","Datos al 28 de enero de 2021","","","","85954","67126","6587"
"161748","1/30/2021, 8:00:10 AM","1823","Datos al 30 de enero de 2021","","","","86713","68342","6693"
"162129","1/31/2021, 9:00:08 AM","1829","Datos al 31 de enero de 2021","","","","86891","68505","6733"
"163469","2/1/2021, 8:00:11 AM","1836","Datos al 1 de febrero de 2021","","","","87440","69231","6798"
"164122","2/2/2021, 8:00:11 AM","1846","Datos al 2 de febrero de 2021","","","","87665","69596","6861"
"164500","2/3/2021, 8:00:10 AM","1853","Datos al 3 de febrero de 2021","","","","87749","69838","6913"
"165327","2/4/2021, 8:00:12 AM","1861","Datos al 4 de febrero de 2021","","","","88060","70343","6924"
"165501","2/5/2021, 8:00:11 AM","1867","Datos al 5 de febrero de 2021","","","","88119","70437","6945"
"166418","2/6/2021, 9:00:12 AM","1872","Datos al 6 de febrero de 2021","","","","88352","71063","7003"
"167654","2/7/2021, 9:00:08 AM","1883","Datos al 7 de febrero de 2021","","","","88810","71815","7029"
"168502","2/8/2021, 8:00:10 AM","1888","Datos al 8 de febrero de 2021","","","","89053","72341","7108"
"169069","2/9/2021, 12:30:09 PM","1893","Datos al 9 de febrero de 2021","","","","89242","72667","7160"
"169346","2/10/2021, 9:00:15 AM","1897","Datos al 10 de febrero de 2021","","","","89312","72852","7182"
"169705","2/11/2021, 8:00:09 AM","1902","Datos al 11 de febrero de 2021","","","","89414","73069","7222"
"170463","2/12/2021, 12:30:08 PM","1907","Datos al 12 de febrero de 2021","","","","89636","73539","7288"
"171683","2/13/2021, 8:00:10 AM","1915","Datos al 13 de febrero de 2021","","","","89957","74370","7356"
"172797","2/14/2021, 12:30:10 PM","1919","Datos al 14 de febrero de 2021","","","","90226","75188","7383"
"173352","2/15/2021, 8:00:09 AM","1920","Datos al 15 de febrero de 2021","","","","90429","75515","7408"
"174297","2/16/2021, 8:00:10 AM","1924","Datos al 16 de febrero de 2021","","","","90881","75980","7436"
"174626","2/17/2021, 8:00:10 AM","1930","Datos al 17 de febrero de 2021","","","","90989","76198","7439"
"174891","2/18/2021, 8:00:11 AM","1940","Datos al 18 de febrero de 2021","","","","91047","76385","7459"
"175321","2/19/2021, 9:00:09 AM","1947","Datos al 19 de febrero de 2021","","","","91149","76697","7475"
"176084","2/20/2021, 8:00:10 AM","1957","Datos al 20 de febrero de 2021","","","","91324","77249","7511"
"176769","2/21/2021, 9:00:10 AM","1979","Datos al 21 de febrero de 2021","","","","91527","77685","7557"
"177430","2/22/2021, 8:00:09 AM","1983","Datos al 22 de febrero de 2021","","","","91680","78173","7577"
"178065","2/23/2021, 8:00:08 AM","1986","Datos al 23 de febrero de 2021","","","","91816","78589","7660"
"178266","2/24/2021, 8:00:09 AM","2007","Datos al 24 de febrero de 2021","","","","91834","78747","7685"
"178588","2/25/2021, 8:00:09 AM","2016","Datos al 25 de febrero de 2021","","","","91919","78969","7700"
"179662","2/26/2021, 8:00:09 AM","2023","Datos al 26 de febrero de 2021","","","","92198","79732","7732"
"180370","2/27/2021, 9:00:09 AM","2032","Datos al 27 de febrero de 2021","","","","92262","80326","7782"
"181536","2/28/2021, 9:00:11 AM","2036","Datos al 28 de febrero de 2021","","","","92469","81239","7828"
"182674","3/1/2021, 9:00:10 AM","2037","Datos al 1 de marzo de 2021","","","","92708","82090","7876"
"183335","3/2/2021, 8:00:11 AM","2040","Datos al 2 de marzo de 2021","","","","92834","82600","7901"
"183432","3/3/2021, 8:00:08 AM","2048","Datos al 3 de marzo de 2021","","","","92856","82667","7909"
"183676","3/4/2021, 8:00:09 AM","2053","Datos al 4 de marzo de 2021","","","","92939","82809","7928"
"184405","3/5/2021, 8:00:08 AM","2056","Datos al 5 de marzo de 2021","","","","93114","83339","7952"
"195345","3/20/2021, 9:57:53 PM","2092","sábado, 20 de marzo de 2021","","","","95477","91450","8418"
"196230","3/21/2021, 8:00:18 AM","2096","domingo, 21 de marzo de 2021","","","","95762","92009","8459"
"196230","3/21/2021, 9:00:16 AM","2096","domingo, 21 de marzo de 2021","","","","95762","92009","8459"
"196230","3/21/2021, 12:30:15 PM","2096","domingo, 21 de marzo de 2021","","","","95762","92009","8459"
"197041","3/22/2021, 8:00:17 AM","2096","lunes, 22 de marzo de 2021","","","","95967","92525","8549"
"197041","3/22/2021, 9:00:20 AM","2096","lunes, 22 de marzo de 2021","","","","95967","92525","8549"
"197041","3/22/2021, 12:30:16 PM","2096","lunes, 22 de marzo de 2021","","","","95967","92525","8549"
"197606","3/23/2021, 8:00:17 AM","2098","martes, 23 de marzo de 2021","","","","96140","92863","8603"
"197606","3/23/2021, 9:00:16 AM","2098","martes, 23 de marzo de 2021","","","","96140","92863","8603"
"197606","3/23/2021, 12:30:17 PM","2098","martes, 23 de marzo de 2021","","","","96140","92863","8603"
"198001","3/24/2021, 8:00:22 AM","2100","miércoles, 24 de marzo de 2021","","","","96252","93113","8636"
"198001","3/24/2021, 9:00:18 AM","2100","miércoles, 24 de marzo de 2021","","","","96252","93113","8636"
"198001","3/24/2021, 12:30:15 PM","2100","miércoles, 24 de marzo de 2021","","","","96252","93113","8636"
"198426","3/25/2021, 8:00:15 AM","2103","jueves, 25 de marzo de 2021","","","","96293","93460","8673"
"198426","3/25/2021, 9:00:16 AM","2103","jueves, 25 de marzo de 2021","","","","96293","93460","8673"
"198426","3/25/2021, 12:30:15 PM","2103","jueves, 25 de marzo de 2021","","","","96293","93460","8673"
"199198","3/26/2021, 8:00:17 AM","2106","viernes, 26 de marzo de 2021","","","","96443","93972","8783"
"199198","3/26/2021, 9:00:16 AM","2106","viernes, 26 de marzo de 2021","","","","96443","93972","8783"
"199198","3/26/2021, 12:30:17 PM","2106","viernes, 26 de marzo de 2021","","","","96443","93972","8783"
"200314","3/27/2021, 8:00:16 AM","2109","sábado, 27 de marzo de 2021","","","","96732","94689","8893"
"200314","3/27/2021, 9:00:15 AM","2109","sábado, 27 de marzo de 2021","","","","96732","94689","8893"
"200314","3/27/2021, 12:30:15 PM","2109","sábado, 27 de marzo de 2021","","","","96732","94689","8893"
"200999","3/28/2021, 8:00:17 AM","2112","domingo, 28 de marzo de 2021","","","","96969","95106","8924"
"200999","3/28/2021, 9:00:34 AM","2112","domingo, 28 de marzo de 2021","","","","96969","95106","8924"
"200999","3/28/2021, 12:30:15 PM","2112","domingo, 28 de marzo de 2021","","","","96969","95106","8924"
"203603","3/29/2021, 8:00:17 AM","2112","lunes, 29 de marzo de 2021","","","","97282","97115","9206"
"203603","3/29/2021, 9:00:21 AM","2112","lunes, 29 de marzo de 2021","","","","97282","97115","9206"
"203603","3/29/2021, 12:30:19 PM","2112","lunes, 29 de marzo de 2021","","","","97282","97115","9206"
"204580","3/30/2021, 8:00:19 AM","2112","martes, 30 de marzo de 2021","","","","97615","97645","9320"
"204580","3/30/2021, 9:00:20 AM","2112","martes, 30 de marzo de 2021","","","","97615","97645","9320"
"204580","3/30/2021, 12:30:18 PM","2112","martes, 30 de marzo de 2021","","","","97615","97645","9320"
"204936","3/31/2021, 8:00:20 AM","2113","miércoles, 31 de marzo de 2021","","","","97713","97831","9392"
"204936","3/31/2021, 9:00:18 AM","2113","miércoles, 31 de marzo de 2021","","","","97713","97831","9392"
"204936","3/31/2021, 12:30:24 PM","2113","miércoles, 31 de marzo de 2021","","","","97713","97831","9392"
"205514","4/1/2021, 8:00:21 AM","2118","jueves, 01 de abril de 2021","","","","97966","98044","9504"
"205514","4/1/2021, 9:00:17 AM","2118","jueves, 01 de abril de 2021","","","","97966","98044","9504"
"205514","4/1/2021, 12:30:17 PM","2118","jueves, 01 de abril de 2021","","","","97966","98044","9504"
"206420","4/2/2021, 8:00:16 AM","2121","viernes, 02 de abril de 2021","","","","98294","98440","9686"
"207818","4/3/2021, 8:00:15 AM","2126","sábado, 03 de abril de 2021","","","","98917","99046","9855"
"208936","","2126","domingo, 04 de abril de 2021","","","","99387","99529","10020"
"209644","","2131","lunes, 05 de abril de 2021","","","","99693","99811","10140"